household_id,entity,record_key,status
HH000011,households,HH000011,both
HH000011,people,HH000011_P1,both
HH000011,people,HH000011_P2,both
HH000011,income_lines,HH000011_I1,both
HH000011,assets,HH000011_A1,both
HH000011,assets,HH000011_A2,both
HH000011,assets,HH000011_A3,both
HH000011,assets,HH000011_A4,both
HH000011,assets,HH000011_A5,both
HH000011,liabilities,HH000011_L1,both
HH000011,protection_policies,HH000011_PP1,both
HH000016,households,HH000016,both
HH000016,people,HH000016_P1,both
HH000016,people,HH000016_P2,both
HH000016,income_lines,HH000016_I1,both
HH000016,assets,HH000016_A1,both
HH000016,assets,HH000016_A2,both
HH000016,assets,HH000016_A3,both
HH000016,assets,HH000016_A4,both
HH000016,assets,HH000016_A5,both
HH000016,liabilities,HH000016_L1,both
HH000016,protection_policies,HH000016_PP1,both
HH000020,households,HH000020,both
HH000020,people,HH000020_P1,both
HH000020,income_lines,HH000020_I1,both
HH000020,assets,HH000020_A1,both
HH000020,assets,HH000020_A2,both
HH000020,assets,HH000020_A3,both
HH000020,assets,HH000020_A4,both
HH000020,assets,HH000020_A5,both
HH000022,households,HH000022,both
HH000022,people,HH000022_P1,both
HH000022,income_lines,HH000022_I1,both
HH000022,income_lines,HH000022_I2,both
HH000022,income_lines,HH000022_I3,both
HH000022,assets,HH000022_A1,both
HH000022,assets,HH000022_A2,both
HH000022,assets,HH000022_A3,both
HH000022,assets,HH000022_A4,both
HH000022,assets,HH000022_A5,both
HH000022,liabilities,HH000022_L1,both
HH000063,households,HH000063,both
HH000063,people,HH000063_P1,both
HH000063,people,HH000063_P2,both
HH000063,income_lines,HH000063_I1,both
HH000063,income_lines,HH000063_I2,both
HH000063,income_lines,HH000063_I3,both
HH000063,income_lines,HH000063_I4,both
HH000063,income_lines,HH000063_I5,both
HH000063,assets,HH000063_A1,both
HH000063,assets,HH000063_A2,both
HH000063,assets,HH000063_A3,both
HH000063,assets,HH000063_A4,both
HH000063,assets,HH000063_A5,both
HH000063,protection_policies,HH000063_PP1,both
HH000147,households,HH000147,both
HH000147,people,HH000147_P1,both
HH000147,people,HH000147_P2,both
HH000147,income_lines,HH000147_I1,both
HH000147,income_lines,HH000147_I1,ex_only
HH000147,income_lines,HH000147_I2,ex_only
HH000147,assets,HH000147_A1,both
HH000147,assets,HH000147_A2,both
HH000147,assets,HH000147_A3,both
HH000147,assets,HH000147_A4,both
HH000147,assets,HH000147_A5,both
HH000147,liabilities,HH000147_L1,both
HH000147,liabilities,HH000147_L2,both
HH000182,households,HH000182,both
HH000182,people,HH000182_P1,both
HH000182,people,HH000182_P2,both
HH000182,income_lines,HH000182_I1,both
HH000182,income_lines,HH000182_I1,ex_only
HH000182,income_lines,HH000182_I2,ex_only
HH000182,assets,HH000182_A1,both
HH000182,assets,HH000182_A2,both
HH000182,assets,HH000182_A3,both
HH000182,assets,HH000182_A4,both
HH000182,assets,HH000182_A5,both
HH000182,liabilities,HH000182_L1,both
HH000182,protection_policies,HH000182_PP1,both
HH000286,households,HH000286,both
HH000286,people,HH000286_P1,both
HH000286,people,HH000286_P2,both
HH000286,income_lines,HH000286_I1,both
HH000286,income_lines,HH000286_I1,ex_only
HH000286,income_lines,HH000286_I2,ex_only
HH000286,assets,HH000286_A1,both
HH000286,assets,HH000286_A2,both
HH000286,assets,HH000286_A3,both
HH000286,assets,HH000286_A4,both
HH000286,assets,HH000286_A5,both
HH000286,liabilities,HH000286_L1,both
HH000286,protection_policies,HH000286_PP1,both
HH000340,households,HH000340,both
HH000340,people,HH000340_P1,both
HH000340,people,HH000340_P2,both
HH000340,income_lines,HH000340_I1,both
HH000340,income_lines,HH000340_I2,both
HH000340,income_lines,HH000340_I3,both
HH000340,assets,HH000340_A1,both
HH000340,assets,HH000340_A2,both
HH000340,assets,HH000340_A3,both
HH000340,assets,HH000340_A3,ex_only
HH000340,assets,HH000340_A4,both
HH000340,assets,HH000340_A5,both
HH000340,assets,HH000340_A7,ex_only
HH000340,liabilities,HH000340_L1,both
HH000340,protection_policies,HH000340_PP1,both
HH000379,households,HH000379,both
HH000379,people,HH000379_P1,both
HH000379,people,HH000379_P2,both
HH000379,income_lines,HH000379_I1,both
HH000379,income_lines,HH000379_I1,ex_only
HH000379,income_lines,HH000379_I2,both
HH000379,income_lines,HH000379_I2,ex_only
HH000379,income_lines,HH000379_I3,both
HH000379,assets,HH000379_A1,both
HH000379,assets,HH000379_A2,both
HH000379,assets,HH000379_A3,both
HH000379,assets,HH000379_A4,both
HH000379,assets,HH000379_A5,both
HH000379,liabilities,HH000379_L1,both
HH000379,liabilities,HH000379_L2,both
HH000379,protection_policies,HH000379_PP1,both
HH000427,households,HH000427,both
HH000427,people,HH000427_P1,both
HH000427,people,HH000427_P2,both
HH000427,income_lines,HH000427_I1,both
HH000427,income_lines,HH000427_I1,ex_only
HH000427,income_lines,HH000427_I2,both
HH000427,income_lines,HH000427_I2,ex_only
HH000427,assets,HH000427_A1,both
HH000427,assets,HH000427_A2,both
HH000427,assets,HH000427_A3,both
HH000427,assets,HH000427_A4,both
HH000427,assets,HH000427_A5,both
HH000427,liabilities,HH000427_L1,both
HH000430,households,HH000430,both
HH000430,people,HH000430_P1,both
HH000430,people,HH000430_P2,both
HH000430,income_lines,HH000430_I1,both
HH000430,income_lines,HH000430_I2,both
HH000430,assets,HH000430_A1,both
HH000430,assets,HH000430_A2,both
HH000430,assets,HH000430_A3,both
HH000430,assets,HH000430_A4,both
HH000430,assets,HH000430_A5,both
HH000431,households,HH000431,both
HH000431,people,HH000431_P1,both
HH000431,people,HH000431_P2,both
HH000431,income_lines,HH000431_I1,both
HH000431,income_lines,HH000431_I1,ex_only
HH000431,income_lines,HH000431_I2,ex_only
HH000431,assets,HH000431_A1,both
HH000431,assets,HH000431_A2,both
HH000431,assets,HH000431_A3,both
HH000431,assets,HH000431_A4,both
HH000439,households,HH000439,both
HH000439,people,HH000439_P1,both
HH000439,people,HH000439_P2,both
HH000439,income_lines,HH000439_I1,both
HH000439,assets,HH000439_A1,both
HH000439,assets,HH000439_A2,both
HH000439,assets,HH000439_A3,both
HH000439,assets,HH000439_A4,both
HH000439,assets,HH000439_A5,both
HH000481,households,HH000481,both
HH000481,people,HH000481_P1,both
HH000481,people,HH000481_P2,both
HH000481,income_lines,HH000481_I1,both
HH000481,income_lines,HH000481_I2,both
HH000481,income_lines,HH000481_I3,both
HH000481,assets,HH000481_A1,both
HH000481,assets,HH000481_A2,both
HH000481,assets,HH000481_A3,both
HH000481,assets,HH000481_A4,both
HH000481,assets,HH000481_A5,both
HH000481,protection_policies,HH000481_PP1,both
HH000508,households,HH000508,both
HH000508,people,HH000508_P1,both
HH000508,people,HH000508_P2,both
HH000508,income_lines,HH000508_I1,both
HH000508,assets,HH000508_A1,both
HH000508,assets,HH000508_A2,both
HH000508,assets,HH000508_A3,both
HH000508,assets,HH000508_A4,both
HH000508,assets,HH000508_A5,both
HH000508,liabilities,HH000508_L2,both
HH000508,protection_policies,HH000508_PP1,both
HH000648,households,HH000648,both
HH000648,people,HH000648_P1,both
HH000648,people,HH000648_P2,both
HH000648,income_lines,HH000648_I1,both
HH000648,income_lines,HH000648_I1,ex_only
HH000648,income_lines,HH000648_I2,ex_only
HH000648,assets,HH000648_A1,both
HH000648,assets,HH000648_A2,both
HH000648,assets,HH000648_A3,both
HH000648,assets,HH000648_A4,both
HH000648,liabilities,HH000648_L1,both
HH000648,protection_policies,HH000648_PP1,both
HH000659,households,HH000659,both
HH000659,people,HH000659_P1,both
HH000659,people,HH000659_P2,both
HH000659,income_lines,HH000659_I1,both
HH000659,income_lines,HH000659_I2,both
HH000659,income_lines,HH000659_I3,both
HH000659,assets,HH000659_A1,both
HH000659,assets,HH000659_A2,both
HH000659,assets,HH000659_A3,both
HH000659,assets,HH000659_A4,both
HH000659,assets,HH000659_A5,both
HH000659,assets,HH000659_A6,ex_only
HH000748,households,HH000748,both
HH000748,people,HH000748_P1,both
HH000748,people,HH000748_P2,both
HH000748,income_lines,HH000748_I1,both
HH000748,income_lines,HH000748_I2,ex_only
HH000748,income_lines,HH000748_I3,ex_only
HH000748,assets,HH000748_A1,both
HH000748,assets,HH000748_A2,both
HH000748,assets,HH000748_A3,both
HH000748,assets,HH000748_A4,both
HH000748,assets,HH000748_A5,both
HH000748,liabilities,HH000748_L1,both
HH000748,liabilities,HH000748_L2,both
HH000748,protection_policies,HH000748_PP1,both
HH000751,households,HH000751,both
HH000751,people,HH000751_P1,both
HH000751,people,HH000751_P2,both
HH000751,income_lines,HH000751_I1,both
HH000751,income_lines,HH000751_I1,ex_only
HH000751,income_lines,HH000751_I2,both
HH000751,income_lines,HH000751_I2,ex_only
HH000751,assets,HH000751_A1,both
HH000751,assets,HH000751_A2,both
HH000751,assets,HH000751_A3,both
HH000751,assets,HH000751_A4,both
HH000751,assets,HH000751_A5,both
HH000751,protection_policies,HH000751_PP1,both
HH000767,households,HH000767,both
HH000767,people,HH000767_P1,both
HH000767,people,HH000767_P2,both
HH000767,income_lines,HH000767_I1,both
HH000767,income_lines,HH000767_I2,both
HH000767,income_lines,HH000767_I3,both
HH000767,income_lines,HH000767_I4,both
HH000767,assets,HH000767_A1,both
HH000767,assets,HH000767_A2,both
HH000767,assets,HH000767_A3,both
HH000767,assets,HH000767_A4,both
HH000767,assets,HH000767_A5,both
HH000767,protection_policies,HH000767_PP1,both
HH000771,households,HH000771,both
HH000771,people,HH000771_P1,both
HH000771,income_lines,HH000771_I1,both
HH000771,income_lines,HH000771_I2,both
HH000771,assets,HH000771_A1,both
HH000771,assets,HH000771_A2,both
HH000771,assets,HH000771_A3,both
HH000771,assets,HH000771_A4,both
HH000771,assets,HH000771_A5,both
HH000771,liabilities,HH000771_L1,both
HH000771,protection_policies,HH000771_PP1,both
HH000827,households,HH000827,both
HH000827,people,HH000827_P1,both
HH000827,people,HH000827_P2,both
HH000827,income_lines,HH000827_I1,both
HH000827,income_lines,HH000827_I2,both
HH000827,income_lines,HH000827_I3,both
HH000827,income_lines,HH000827_I4,both
HH000827,income_lines,HH000827_I5,gt_only
HH000827,income_lines,HH000827_I6,both
HH000827,assets,HH000827_A1,both
HH000827,assets,HH000827_A2,both
HH000827,assets,HH000827_A3,both
HH000827,assets,HH000827_A4,both
HH000827,assets,HH000827_A5,both
HH000827,liabilities,HH000827_L2,both
HH000827,protection_policies,HH000827_PP1,both
HH000902,households,HH000902,both
HH000902,people,HH000902_P1,both
HH000902,people,HH000902_P2,both
HH000902,income_lines,HH000902_I1,both
HH000902,assets,HH000902_A1,both
HH000902,assets,HH000902_A2,both
HH000902,assets,HH000902_A3,both
HH000902,assets,HH000902_A4,both
HH000902,assets,HH000902_A5,both
HH000902,protection_policies,HH000902_PP1,both
HH000951,households,HH000951,both
HH000951,people,HH000951_P1,both
HH000951,income_lines,HH000951_I1,both
HH000951,assets,HH000951_A1,both
HH000951,assets,HH000951_A2,both
HH000951,assets,HH000951_A3,both
HH000951,assets,HH000951_A4,both
HH000951,assets,HH000951_A5,both
HH000951,liabilities,HH000951_L1,both
HH000951,liabilities,HH000951_L2,both
HH000951,protection_policies,HH000951_PP1,both
HH000971,households,HH000971,both
HH000971,people,HH000971_P1,both
HH000971,people,HH000971_P2,both
HH000971,income_lines,HH000971_I1,both
HH000971,income_lines,HH000971_I2,both
HH000971,income_lines,HH000971_I3,both
HH000971,assets,HH000971_A1,both
HH000971,assets,HH000971_A2,both
HH000971,assets,HH000971_A3,both
HH000971,assets,HH000971_A4,both
HH000971,liabilities,HH000971_L1,both
HH000971,liabilities,HH000971_L2,both
HH000971,protection_policies,HH000971_PP1,both
HH001191,households,HH001191,both
HH001191,people,HH001191_P1,both
HH001191,people,HH001191_P2,both
HH001191,income_lines,HH001191_I1,both
HH001191,income_lines,HH001191_I2,both
HH001191,income_lines,HH001191_I3,both
HH001191,assets,HH001191_A1,both
HH001191,assets,HH001191_A2,both
HH001191,assets,HH001191_A3,both
HH001191,assets,HH001191_A4,both
HH001191,assets,HH001191_A5,both
HH001191,protection_policies,HH001191_PP1,both
HH001241,households,HH001241,both
HH001241,people,HH001241_P1,both
HH001241,people,HH001241_P2,both
HH001241,income_lines,HH001241_I1,both
HH001241,income_lines,HH001241_I2,both
HH001241,assets,HH001241_A1,both
HH001241,assets,HH001241_A2,both
HH001241,assets,HH001241_A3,both
HH001241,assets,HH001241_A4,both
HH001241,assets,HH001241_A5,both
HH001241,liabilities,HH001241_L1,both
HH001241,protection_policies,HH001241_PP1,both
HH001248,households,HH001248,both
HH001248,people,HH001248_P1,both
HH001248,people,HH001248_P2,both
HH001248,income_lines,HH001248_I1,both
HH001248,assets,HH001248_A1,both
HH001248,assets,HH001248_A2,both
HH001248,assets,HH001248_A3,both
HH001248,assets,HH001248_A4,both
HH001248,assets,HH001248_A5,both
HH001248,liabilities,HH001248_L2,both
HH001277,households,HH001277,both
HH001277,people,HH001277_P1,both
HH001277,people,HH001277_P2,both
HH001277,income_lines,HH001277_I1,both
HH001277,income_lines,HH001277_I2,both
HH001277,income_lines,HH001277_I3,both
HH001277,income_lines,HH001277_I4,both
HH001277,assets,HH001277_A1,both
HH001277,assets,HH001277_A2,both
HH001277,assets,HH001277_A3,both
HH001277,assets,HH001277_A4,both
HH001277,assets,HH001277_A5,both
HH001277,liabilities,HH001277_L1,both
HH001277,liabilities,HH001277_L2,both
HH001302,households,HH001302,both
HH001302,people,HH001302_P1,both
HH001302,income_lines,HH001302_I1,both
HH001302,income_lines,HH001302_I2,both
HH001302,assets,HH001302_A1,both
HH001302,assets,HH001302_A2,both
HH001302,assets,HH001302_A3,both
HH001302,assets,HH001302_A4,both
HH001302,assets,HH001302_A5,both
HH001302,liabilities,HH001302_L1,both
HH001302,protection_policies,HH001302_PP1,both
HH001307,households,HH001307,both
HH001307,people,HH001307_P1,both
HH001307,income_lines,HH001307_I1,both
HH001307,assets,HH001307_A1,both
HH001307,assets,HH001307_A2,both
HH001307,assets,HH001307_A3,both
HH001307,assets,HH001307_A4,both
HH001307,assets,HH001307_A5,both
HH001307,protection_policies,HH001307_PP1,both
HH001366,households,HH001366,both
HH001366,people,HH001366_P1,both
HH001366,income_lines,HH001366_I1,both
HH001366,assets,HH001366_A1,both
HH001366,assets,HH001366_A2,both
HH001366,assets,HH001366_A3,both
HH001366,assets,HH001366_A4,both
HH001366,assets,HH001366_A5,both
HH001366,protection_policies,HH001366_PP1,both
HH001455,households,HH001455,both
HH001455,people,HH001455_P1,both
HH001455,income_lines,HH001455_I1,both
HH001455,income_lines,HH001455_I2,both
HH001455,income_lines,HH001455_I3,both
HH001455,assets,HH001455_A1,both
HH001455,assets,HH001455_A2,both
HH001455,assets,HH001455_A3,both
HH001455,assets,HH001455_A4,both
HH001455,assets,HH001455_A5,both
HH001455,liabilities,HH001455_L1,both
HH001473,households,HH001473,both
HH001473,people,HH001473_P1,both
HH001473,people,HH001473_P2,both
HH001473,income_lines,HH001473_I1,both
HH001473,income_lines,HH001473_I1,ex_only
HH001473,assets,HH001473_A1,both
HH001473,assets,HH001473_A2,both
HH001473,assets,HH001473_A3,both
HH001473,assets,HH001473_A4,both
HH001473,assets,HH001473_A5,both
HH001473,liabilities,HH001473_L1,both
HH001473,liabilities,HH001473_L2,both
HH001473,protection_policies,HH001473_PP1,both
HH001537,households,HH001537,both
HH001537,people,HH001537_P1,both
HH001537,people,HH001537_P2,both
HH001537,income_lines,HH001537_I1,both
HH001537,assets,HH001537_A1,both
HH001537,assets,HH001537_A2,both
HH001537,assets,HH001537_A3,both
HH001537,assets,HH001537_A4,both
HH001537,assets,HH001537_A5,both
HH001537,liabilities,HH001537_L2,both
HH001537,protection_policies,HH001537_PP1,both
HH001538,households,HH001538,both
HH001538,people,HH001538_P1,both
HH001538,people,HH001538_P2,both
HH001538,income_lines,HH001538_I1,both
HH001538,income_lines,HH001538_I1,ex_only
HH001538,income_lines,HH001538_I2,both
HH001538,income_lines,HH001538_I2,ex_only
HH001538,income_lines,HH001538_I3,both
HH001538,assets,HH001538_A1,both
HH001538,assets,HH001538_A2,both
HH001538,assets,HH001538_A3,both
HH001538,assets,HH001538_A4,both
HH001553,households,HH001553,both
HH001553,people,HH001553_P1,both
HH001553,people,HH001553_P2,both
HH001553,income_lines,HH001553_I1,both
HH001553,income_lines,HH001553_I1,ex_only
HH001553,income_lines,HH001553_I2,both
HH001553,income_lines,HH001553_I2,ex_only
HH001553,assets,HH001553_A1,both
HH001553,assets,HH001553_A2,both
HH001553,assets,HH001553_A3,both
HH001553,assets,HH001553_A4,both
HH001553,assets,HH001553_A5,both
HH001587,households,HH001587,both
HH001587,people,HH001587_P1,both
HH001587,income_lines,HH001587_I1,both
HH001587,income_lines,HH001587_I2,both
HH001587,income_lines,HH001587_I3,both
HH001587,assets,HH001587_A1,both
HH001587,assets,HH001587_A2,both
HH001587,assets,HH001587_A3,both
HH001587,assets,HH001587_A4,both
HH001587,assets,HH001587_A5,both
HH001746,households,HH001746,both
HH001746,people,HH001746_P1,both
HH001746,people,HH001746_P2,both
HH001746,income_lines,HH001746_I1,both
HH001746,income_lines,HH001746_I2,both
HH001746,income_lines,HH001746_I3,both
HH001746,income_lines,HH001746_I4,both
HH001746,income_lines,HH001746_I5,both
HH001746,assets,HH001746_A1,both
HH001746,assets,HH001746_A2,both
HH001746,assets,HH001746_A3,both
HH001746,assets,HH001746_A4,both
HH001746,assets,HH001746_A5,both
HH001746,liabilities,HH001746_L1,both
HH001746,protection_policies,HH001746_PP1,both
HH001795,households,HH001795,both
HH001795,people,HH001795_P1,both
HH001795,income_lines,HH001795_I1,both
HH001795,assets,HH001795_A1,both
HH001795,assets,HH001795_A2,both
HH001795,assets,HH001795_A3,both
HH001795,assets,HH001795_A4,both
HH001795,assets,HH001795_A5,both
HH001811,households,HH001811,both
HH001811,people,HH001811_P1,both
HH001811,income_lines,HH001811_I1,both
HH001811,income_lines,HH001811_I1,ex_only
HH001811,income_lines,HH001811_I2,both
HH001811,assets,HH001811_A1,both
HH001811,assets,HH001811_A2,both
HH001811,assets,HH001811_A3,both
HH001811,assets,HH001811_A4,both
HH001811,assets,HH001811_A5,both
HH001811,liabilities,HH001811_L1,both
HH002035,households,HH002035,both
HH002035,people,HH002035_P1,both
HH002035,income_lines,HH002035_I1,both
HH002035,assets,4,ex_only
HH002035,assets,HH002035_A1,both
HH002035,assets,HH002035_A2,both
HH002035,assets,HH002035_A3,both
HH002035,assets,HH002035_A4,both
HH002035,assets,HH002035_A5,both
HH002035,protection_policies,HH002035_PP1,both
HH002103,households,HH002103,both
HH002103,people,HH002103_P1,both
HH002103,people,HH002103_P2,both
HH002103,income_lines,HH002103_I1,both
HH002103,income_lines,HH002103_I2,both
HH002103,income_lines,HH002103_I3,both
HH002103,income_lines,HH002103_INC_1,ex_only
HH002103,income_lines,HH002103_INC_2,ex_only
HH002103,assets,HH002103_A1,both
HH002103,assets,HH002103_A2,both
HH002103,assets,HH002103_A3,both
HH002103,assets,HH002103_A4,both
HH002103,assets,HH002103_A5,both
HH002103,liabilities,HH002103_L1,both
HH002111,households,HH002111,both
HH002111,people,HH002111_P1,both
HH002111,people,HH002111_P2,both
HH002111,income_lines,HH002111_I1,both
HH002111,assets,HH002111_A1,both
HH002111,assets,HH002111_A2,both
HH002111,assets,HH002111_A3,both
HH002111,assets,HH002111_A4,both
HH002111,assets,HH002111_A5,both
HH002111,liabilities,HH002111_L1,both
HH002111,protection_policies,HH002111_PP1,both
HH002122,households,HH002122,both
HH002122,people,HH002122_P1,both
HH002122,people,HH002122_P2,both
HH002122,income_lines,HH002122_I1,both
HH002122,assets,HH002122_A1,both
HH002122,assets,HH002122_A2,both
HH002122,assets,HH002122_A3,both
HH002122,assets,HH002122_A4,both
HH002122,assets,HH002122_A5,both
HH002122,protection_policies,HH002122_PP1,both
HH002141,households,HH002141,both
HH002141,people,HH002141_P1,both
HH002141,income_lines,HH002141_I1,both
HH002141,assets,HH002141_A1,both
HH002141,assets,HH002141_A2,both
HH002141,assets,HH002141_A3,both
HH002141,assets,HH002141_A4,both
HH002141,assets,HH002141_A5,both
HH002141,liabilities,HH002141_L1,both
HH002141,protection_policies,HH002141_PP1,both
HH002202,households,HH002202,both
HH002202,people,HH002202_P1,both
HH002202,income_lines,HH002202_I1,both
HH002202,income_lines,HH002202_I2,both
HH002202,assets,HH002202_A1,both
HH002202,assets,HH002202_A2,both
HH002202,assets,HH002202_A3,both
HH002202,assets,HH002202_A4,both
HH002202,assets,HH002202_A5,both
HH002202,protection_policies,HH002202_PP1,both
HH002286,households,HH002286,both
HH002286,people,HH002286_P1,both
HH002286,people,HH002286_P2,both
HH002286,income_lines,HH002286_I1,both
HH002286,income_lines,HH002286_I1,ex_only
HH002286,income_lines,HH002286_I2,both
HH002286,income_lines,HH002286_I3,both
HH002286,income_lines,HH002286_I4,both
HH002286,assets,HH002286_A1,both
HH002286,assets,HH002286_A2,both
HH002286,assets,HH002286_A3,both
HH002286,assets,HH002286_A4,both
HH002286,assets,HH002286_A5,both
HH002286,assets,HH002286_A5,ex_only
HH002286,protection_policies,HH002286_PP1,both
HH002418,households,HH002418,both
HH002418,people,HH002418_P1,both
HH002418,people,HH002418_P2,both
HH002418,income_lines,HH002418_I1,both
HH002418,income_lines,HH002418_I2,both
HH002418,income_lines,HH002418_I3,both
HH002418,income_lines,HH002418_I4,both
HH002418,assets,HH002418_A1,both
HH002418,assets,HH002418_A2,both
HH002418,assets,HH002418_A3,both
HH002418,assets,HH002418_A4,both
HH002418,assets,HH002418_A5,both
HH002418,liabilities,HH002418_L1,both
HH002418,liabilities,HH002418_L2,both
HH002503,households,HH002503,both
HH002503,people,HH002503_P1,both
HH002503,people,HH002503_P2,both
HH002503,income_lines,HH002503_I1,both
HH002503,income_lines,HH002503_I1,ex_only
HH002503,income_lines,HH002503_I2,both
HH002503,income_lines,HH002503_I2,ex_only
HH002503,assets,HH002503_A1,both
HH002503,assets,HH002503_A2,both
HH002503,assets,HH002503_A3,both
HH002503,assets,HH002503_A4,both
HH002503,assets,HH002503_A5,both
HH002503,liabilities,HH002503_L1,both
HH002503,protection_policies,HH002503_PP1,both
HH002607,households,HH002607,both
HH002607,people,HH002607_P1,both
HH002607,people,HH002607_P2,both
HH002607,income_lines,HH002607_I1,both
HH002607,income_lines,HH002607_I1,ex_only
HH002607,income_lines,HH002607_I2,both
HH002607,income_lines,HH002607_I2,ex_only
HH002607,assets,HH002607_A1,both
HH002607,assets,HH002607_A2,both
HH002607,assets,HH002607_A3,both
HH002607,assets,HH002607_A4,both
HH002607,assets,HH002607_A5,both
HH002607,liabilities,HH002607_L1,both
HH002632,households,HH002632,both
HH002632,people,HH002632_P1,both
HH002632,people,HH002632_P2,both
HH002632,income_lines,HH002632_I1,both
HH002632,income_lines,HH002632_I2,both
HH002632,income_lines,HH002632_I3,both
HH002632,income_lines,HH002632_I4,both
HH002632,assets,HH002632_A1,both
HH002632,assets,HH002632_A2,both
HH002632,assets,HH002632_A3,both
HH002632,assets,HH002632_A4,both
HH002632,assets,HH002632_A5,both
HH002690,households,HH002690,both
HH002690,people,HH002690_P1,both
HH002690,income_lines,HH002690_I1,both
HH002690,income_lines,HH002690_I2,both
HH002690,income_lines,HH002690_I3,both
HH002690,income_lines,HH002690_I4,both
HH002690,income_lines,HH002690_inc_1,ex_only
HH002690,assets,HH002690_A1,both
HH002690,assets,HH002690_A2,both
HH002690,assets,HH002690_A3,both
HH002690,assets,HH002690_A4,both
HH002690,assets,HH002690_A5,both
HH002690,liabilities,HH002690_L2,both
HH002742,households,HH002742,both
HH002742,people,HH002742_P1,both
HH002742,people,HH002742_P2,both
HH002742,income_lines,HH002742_I1,both
HH002742,income_lines,HH002742_I2,both
HH002742,income_lines,HH002742_I3,ex_only
HH002742,assets,HH002742_A1,both
HH002742,assets,HH002742_A2,both
HH002742,assets,HH002742_A3,both
HH002742,assets,HH002742_A4,both
HH002742,assets,HH002742_A5,both
HH002742,liabilities,HH002742_L1,both
HH002742,protection_policies,HH002742_PP1,both
HH002820,households,HH002820,both
HH002820,people,HH002820_P1,both
HH002820,people,HH002820_P2,both
HH002820,income_lines,HH002820_I1,both
HH002820,income_lines,HH002820_I1,ex_only
HH002820,income_lines,HH002820_I2,both
HH002820,income_lines,HH002820_I3,both
HH002820,income_lines,HH002820_I3,ex_only
HH002820,assets,HH002820_A1,both
HH002820,assets,HH002820_A2,both
HH002820,assets,HH002820_A3,both
HH002820,assets,HH002820_A4,both
HH002820,assets,HH002820_A5,both
HH002833,households,HH002833,both
HH002833,people,HH002833_P1,both
HH002833,people,HH002833_P2,both
HH002833,income_lines,HH002833_I1,both
HH002833,income_lines,HH002833_I2,both
HH002833,income_lines,HH002833_I3,both
HH002833,assets,HH002833_A1,both
HH002833,assets,HH002833_A2,both
HH002833,assets,HH002833_A3,both
HH002833,assets,HH002833_A4,both
HH002833,assets,HH002833_A5,both
HH002833,protection_policies,HH002833_PP1,both
HH002921,households,HH002921,both
HH002921,people,HH002921_P1,both
HH002921,income_lines,HH002921_I1,both
HH002921,assets,HH002921_A1,both
HH002921,assets,HH002921_A2,both
HH002921,assets,HH002921_A3,both
HH002921,assets,HH002921_A4,both
HH002921,assets,HH002921_A5,both
HH002936,households,HH002936,both
HH002936,people,HH002936_P1,both
HH002936,people,HH002936_P2,both
HH002936,income_lines,HH002936_I1,both
HH002936,income_lines,HH002936_I2,both
HH002936,assets,HH002936_A1,both
HH002936,assets,HH002936_A2,both
HH002936,assets,HH002936_A3,both
HH002936,assets,HH002936_A4,both
HH002936,assets,HH002936_A5,both
HH003158,households,HH003158,both
HH003158,people,HH003158_P1,both
HH003158,people,HH003158_P2,both
HH003158,income_lines,HH003158_I1,both
HH003158,income_lines,HH003158_I1,ex_only
HH003158,income_lines,HH003158_I2,ex_only
HH003158,assets,HH003158_A1,both
HH003158,assets,HH003158_A2,both
HH003158,assets,HH003158_A3,both
HH003158,assets,HH003158_A4,both
HH003158,assets,HH003158_A5,both
HH003158,liabilities,HH003158_L1,both
HH003173,households,HH003173,both
HH003173,people,HH003173_P1,both
HH003173,people,HH003173_P2,both
HH003173,income_lines,HH003173_I1,both
HH003173,income_lines,HH003173_I2,both
HH003173,income_lines,HH003173_I3,both
HH003173,income_lines,HH003173_I4,both
HH003173,assets,HH003173_A1,both
HH003173,assets,HH003173_A2,both
HH003173,assets,HH003173_A3,both
HH003173,assets,HH003173_A4,both
HH003173,assets,HH003173_A5,both
HH003173,liabilities,HH003173_L1,both
HH003173,protection_policies,HH003173_PP1,both
HH003198,households,HH003198,both
HH003198,people,HH003198_P1,both
HH003198,people,HH003198_P2,both
HH003198,income_lines,HH003198_I1,both
HH003198,income_lines,HH003198_I2,both
HH003198,assets,HH003198_A1,both
HH003198,assets,HH003198_A2,both
HH003198,assets,HH003198_A3,both
HH003198,assets,HH003198_A4,both
HH003198,assets,HH003198_A5,both
HH003198,liabilities,HH003198_L1,ex_only
HH003215,households,HH003215,both
HH003215,people,HH003215_P1,both
HH003215,income_lines,HH003215_I1,both
HH003215,income_lines,HH003215_I2,both
HH003215,assets,HH003215_A1,both
HH003215,assets,HH003215_A2,both
HH003215,assets,HH003215_A3,both
HH003215,assets,HH003215_A4,both
HH003215,assets,HH003215_A5,both
HH003215,protection_policies,HH003215_PP1,both
HH003218,households,HH003218,both
HH003218,people,HH003218_P1,both
HH003218,people,HH003218_P2,both
HH003218,income_lines,HH003218_I1,both
HH003218,assets,HH003218_A1,both
HH003218,assets,HH003218_A2,both
HH003218,assets,HH003218_A3,both
HH003218,assets,HH003218_A4,both
HH003218,assets,HH003218_A5,both
HH003218,assets,asset_6,ex_only
HH003218,liabilities,HH003218_L1,ex_only
HH003218,liabilities,HH003218_L2,ex_only
HH003218,liabilities,HH003218_L3,ex_only
HH003218,protection_policies,P1,ex_only
HH003218,protection_policies,P2,ex_only
HH003225,households,HH003225,both
HH003225,people,HH003225_P1,both
HH003225,people,HH003225_P2,both
HH003225,income_lines,HH003225_I1,both
HH003225,income_lines,HH003225_I2,both
HH003225,assets,HH003225_A1,both
HH003225,assets,HH003225_A2,both
HH003225,assets,HH003225_A3,both
HH003225,assets,HH003225_A4,both
HH003225,assets,HH003225_A5,both
HH003225,liabilities,HH003225_L1,both
HH003225,liabilities,HH003225_L2,both
HH003313,households,HH003313,both
HH003313,people,HH003313_P1,both
HH003313,income_lines,HH003313_I1,both
HH003313,assets,HH003313_A1,both
HH003313,assets,HH003313_A2,both
HH003313,assets,HH003313_A3,both
HH003313,assets,HH003313_A4,both
HH003313,assets,HH003313_A5,both
HH003313,liabilities,HH003313_L1,both
HH003313,liabilities,HH003313_L2,both
HH003451,households,HH003451,both
HH003451,people,HH003451_P1,both
HH003451,people,HH003451_P2,both
HH003451,income_lines,HH003451_I1,both
HH003451,income_lines,HH003451_I1,ex_only
HH003451,income_lines,HH003451_I2,ex_only
HH003451,assets,HH003451_A1,both
HH003451,assets,HH003451_A2,both
HH003451,assets,HH003451_A3,both
HH003451,assets,HH003451_A4,both
HH003451,assets,HH003451_A5,both
HH003451,protection_policies,HH003451_PP1,both
HH003469,households,HH003469,both
HH003469,people,HH003469_P1,both
HH003469,people,HH003469_P2,both
HH003469,income_lines,HH003469_I1,both
HH003469,income_lines,HH003469_I2,both
HH003469,income_lines,HH003469_I3,both
HH003469,assets,HH003469_A1,both
HH003469,assets,HH003469_A2,both
HH003469,assets,HH003469_A3,both
HH003469,assets,HH003469_A4,both
HH003469,protection_policies,HH003469_PP1,both
HH003522,households,HH003522,both
HH003522,people,HH003522_P1,both
HH003522,people,HH003522_P2,both
HH003522,income_lines,HH003522_I1,both
HH003522,income_lines,HH003522_I2,both
HH003522,income_lines,HH003522_I3,both
HH003522,income_lines,HH003522_I4,both
HH003522,income_lines,HH003522_I5,ex_only
HH003522,assets,HH003522_A1,both
HH003522,assets,HH003522_A2,both
HH003522,assets,HH003522_A3,both
HH003522,assets,HH003522_A4,both
HH003522,assets,HH003522_A5,both
HH003522,liabilities,HH003522_L1,ex_only
HH003630,households,HH003630,both
HH003630,people,HH003630_P1,both
HH003630,income_lines,HH003630_I1,both
HH003630,income_lines,HH003630_I2,both
HH003630,assets,HH003630_A1,both
HH003630,assets,HH003630_A2,both
HH003630,assets,HH003630_A3,both
HH003630,assets,HH003630_A4,both
HH003630,assets,HH003630_A5,both
HH003630,liabilities,HH003630_L1,ex_only
HH003652,households,HH003652,both
HH003652,people,HH003652_P1,both
HH003652,income_lines,HH003652_I1,both
HH003652,income_lines,HH003652_I2,both
HH003652,income_lines,HH003652_I3,both
HH003652,income_lines,HH003652_I4,both
HH003652,assets,HH003652_A1,both
HH003652,assets,HH003652_A2,both
HH003652,assets,HH003652_A3,both
HH003652,assets,HH003652_A4,both
HH003652,assets,HH003652_A5,both
HH003652,protection_policies,HH003652_PP1,both
HH003786,households,HH003786,both
HH003786,people,HH003786_P1,both
HH003786,people,HH003786_P2,both
HH003786,income_lines,HH003786_I1,both
HH003786,income_lines,HH003786_I2,both
HH003786,income_lines,HH003786_I3,both
HH003786,income_lines,HH003786_I4,both
HH003786,assets,HH003786_A1,both
HH003786,assets,HH003786_A2,both
HH003786,assets,HH003786_A3,both
HH003786,assets,HH003786_A4,both
HH003786,assets,HH003786_A5,both
HH003793,households,HH003793,both
HH003793,people,HH003793_P1,both
HH003793,people,HH003793_P2,both
HH003793,income_lines,HH003793_I1,both
HH003793,income_lines,HH003793_I1,ex_only
HH003793,income_lines,HH003793_I2,ex_only
HH003793,assets,HH003793_A1,both
HH003793,assets,HH003793_A2,both
HH003793,assets,HH003793_A3,both
HH003793,assets,HH003793_A4,both
HH003793,assets,HH003793_A5,both
HH003793,liabilities,HH003793_L1,both
HH003793,protection_policies,HH003793_PP1,both
HH003863,households,HH003863,both
HH003863,people,HH003863_P1,both
HH003863,people,HH003863_P2,both
HH003863,income_lines,HH003863_I1,both
HH003863,assets,HH003863_A1,both
HH003863,assets,HH003863_A2,both
HH003863,assets,HH003863_A3,both
HH003863,assets,HH003863_A4,both
HH003863,assets,HH003863_A5,both
HH003863,liabilities,HH003863_L1,both
HH003863,protection_policies,HH003863_PP1,both
HH003892,households,HH003892,both
HH003892,people,HH003892_P1,both
HH003892,people,HH003892_P2,both
HH003892,income_lines,HH003892_I1,both
HH003892,income_lines,HH003892_I2,both
HH003892,assets,HH003892_A1,both
HH003892,assets,HH003892_A2,both
HH003892,assets,HH003892_A3,both
HH003892,assets,HH003892_A4,both
HH003892,assets,HH003892_A5,both
HH003892,liabilities,HH003892_L1,both
HH003892,protection_policies,HH003892_PP1,both
HH004031,households,HH004031,both
HH004031,people,HH004031_P1,both
HH004031,people,HH004031_P2,both
HH004031,income_lines,HH004031_I1,both
HH004031,income_lines,HH004031_I2,both
HH004031,income_lines,HH004031_I3,both
HH004031,income_lines,HH004031_I4,both
HH004031,assets,HH004031_A1,both
HH004031,assets,HH004031_A2,both
HH004031,assets,HH004031_A3,both
HH004031,assets,HH004031_A4,both
HH004031,assets,HH004031_A5,both
HH004031,liabilities,HH004031_L1,both
HH004062,households,HH004062,both
HH004062,people,HH004062_P1,both
HH004062,people,HH004062_P2,both
HH004062,income_lines,HH004062_I1,both
HH004062,income_lines,HH004062_I1,ex_only
HH004062,income_lines,HH004062_I2,both
HH004062,income_lines,HH004062_I2,ex_only
HH004062,income_lines,HH004062_I3,both
HH004062,assets,HH004062_A1,both
HH004062,assets,HH004062_A2,both
HH004062,assets,HH004062_A3,both
HH004062,assets,HH004062_A4,both
HH004062,assets,HH004062_A5,both
HH004062,liabilities,HH004062_L1,ex_only
HH004193,households,HH004193,both
HH004193,people,HH004193_P1,both
HH004193,people,HH004193_P2,both
HH004193,income_lines,HH004193_I1,both
HH004193,income_lines,HH004193_I2,both
HH004193,income_lines,HH004193_I3,both
HH004193,income_lines,HH004193_I4,both
HH004193,assets,HH004193_A1,both
HH004193,assets,HH004193_A2,both
HH004193,assets,HH004193_A3,both
HH004193,assets,HH004193_A4,both
HH004193,assets,HH004193_A5,both
HH004193,liabilities,HH004193_L1,ex_only
HH004233,households,HH004233,both
HH004233,people,HH004233_P1,both
HH004233,people,HH004233_P2,both
HH004233,income_lines,HH004233_I1,both
HH004233,income_lines,HH004233_I2,both
HH004233,assets,HH004233_A1,both
HH004233,assets,HH004233_A2,both
HH004233,assets,HH004233_A3,both
HH004233,assets,HH004233_A4,both
HH004233,assets,HH004233_A5,both
HH004233,liabilities,HH004233_L1,both
HH004319,households,HH004319,both
HH004319,people,HH004319_P1,both
HH004319,people,HH004319_P2,both
HH004319,income_lines,HH004319_I1,both
HH004319,income_lines,HH004319_I1,ex_only
HH004319,income_lines,HH004319_I2,both
HH004319,income_lines,HH004319_I2,ex_only
HH004319,assets,HH004319_A1,both
HH004319,assets,HH004319_A2,both
HH004319,assets,HH004319_A3,both
HH004319,assets,HH004319_A4,both
HH004319,assets,HH004319_A5,ex_only
HH004319,liabilities,HH004319_L1,both
HH004319,protection_policies,HH004319_PP1,both
HH004358,households,HH004358,both
HH004358,people,HH004358_P1,both
HH004358,people,HH004358_P2,both
HH004358,income_lines,HH004358_I1,both
HH004358,income_lines,HH004358_I2,both
HH004358,assets,HH004358_A1,both
HH004358,assets,HH004358_A2,both
HH004358,assets,HH004358_A3,both
HH004358,assets,HH004358_A4,both
HH004358,assets,HH004358_A5,both
HH004358,protection_policies,HH004358_PP1,both
HH004426,households,HH004426,both
HH004426,people,HH004426_P1,both
HH004426,people,HH004426_P2,both
HH004426,income_lines,HH004426_I1,both
HH004426,income_lines,HH004426_I2,ex_only
HH004426,assets,HH004426_A1,both
HH004426,assets,HH004426_A2,both
HH004426,assets,HH004426_A3,both
HH004426,assets,HH004426_A4,both
HH004426,assets,HH004426_A5,both
HH004426,liabilities,HH004426_L1,both
HH004507,households,HH004507,both
HH004507,people,HH004507_P1,both
HH004507,people,HH004507_P2,both
HH004507,income_lines,HH004507_I1,both
HH004507,income_lines,HH004507_I2,both
HH004507,income_lines,HH004507_I3,both
HH004507,income_lines,HH004507_I4,ex_only
HH004507,assets,HH004507_A1,both
HH004507,assets,HH004507_A2,both
HH004507,assets,HH004507_A3,both
HH004507,assets,HH004507_A4,both
HH004507,assets,HH004507_A5,both
HH004507,liabilities,HH004507_L1,both
HH004544,households,HH004544,both
HH004544,people,HH004544_P1,both
HH004544,people,HH004544_P2,both
HH004544,income_lines,HH004544_I1,both
HH004544,income_lines,HH004544_I2,both
HH004544,income_lines,HH004544_I3,ex_only
HH004544,assets,HH004544_A1,both
HH004544,assets,HH004544_A2,both
HH004544,assets,HH004544_A3,both
HH004544,assets,HH004544_A4,both
HH004544,assets,HH004544_A5,both
HH004544,liabilities,HH004544_L2,both
HH004563,households,HH004563,both
HH004563,people,HH004563_P1,both
HH004563,people,HH004563_P2,both
HH004563,income_lines,HH004563_I1,both
HH004563,income_lines,HH004563_I2,both
HH004563,assets,HH004563_A1,both
HH004563,assets,HH004563_A2,both
HH004563,assets,HH004563_A3,both
HH004563,assets,HH004563_A4,both
HH004563,assets,HH004563_A5,both
HH004563,liabilities,HH004563_L1,ex_only
HH004568,households,HH004568,both
HH004568,people,HH004568_P1,both
HH004568,people,HH004568_P2,both
HH004568,income_lines,HH004568_I1,both
HH004568,assets,HH004568_A1,both
HH004568,assets,HH004568_A2,both
HH004568,assets,HH004568_A3,both
HH004568,assets,HH004568_A4,both
HH004568,assets,HH004568_A5,both
HH004568,protection_policies,HH004568_PP1,both
HH004622,households,HH004622,both
HH004622,people,HH004622_P1,both
HH004622,income_lines,HH004622_I1,both
HH004622,income_lines,HH004622_inc_1,ex_only
HH004622,assets,HH004622_A1,both
HH004622,assets,HH004622_A2,both
HH004622,assets,HH004622_A3,both
HH004622,assets,HH004622_A4,both
HH004622,assets,HH004622_A5,both
HH004622,liabilities,HH004622_L1,both
HH004622,protection_policies,HH004622_PP1,both
HH004687,households,HH004687,both
HH004687,people,HH004687_P1,both
HH004687,people,HH004687_P2,both
HH004687,income_lines,HH004687_I1,both
HH004687,income_lines,HH004687_I2,both
HH004687,income_lines,HH004687_I3,both
HH004687,assets,HH004687_A1,both
HH004687,assets,HH004687_A2,both
HH004687,assets,HH004687_A3,both
HH004687,assets,HH004687_A4,both
HH004687,assets,HH004687_A5,both
HH004687,liabilities,HH004687_L1,both
HH004687,liabilities,HH004687_L2,both
HH004687,protection_policies,HH004687_PP1,both
HH004706,households,HH004706,both
HH004706,people,HH004706_P1,both
HH004706,income_lines,HH004706_I1,both
HH004706,assets,HH004706_A1,both
HH004706,assets,HH004706_A2,both
HH004706,assets,HH004706_A3,both
HH004706,assets,HH004706_A4,both
HH004706,assets,HH004706_A5,both
HH004720,households,HH004720,both
HH004720,people,HH004720_P1,both
HH004720,people,HH004720_P2,both
HH004720,income_lines,HH004720_I1,both
HH004720,income_lines,HH004720_I2,both
HH004720,assets,HH004720_A1,both
HH004720,assets,HH004720_A2,both
HH004720,assets,HH004720_A3,both
HH004720,assets,HH004720_A4,both
HH004720,assets,HH004720_A5,both
HH004720,protection_policies,HH004720_PP1,both
HH004746,households,HH004746,both
HH004746,people,HH004746_P1,both
HH004746,people,HH004746_P2,both
HH004746,income_lines,HH004746_I1,both
HH004746,income_lines,HH004746_I2,both
HH004746,income_lines,HH004746_I3,both
HH004746,income_lines,HH004746_I4,both
HH004746,income_lines,HH004746_I5,both
HH004746,income_lines,HH004746_I6,both
HH004746,assets,HH004746_A1,both
HH004746,assets,HH004746_A2,both
HH004746,assets,HH004746_A3,both
HH004746,assets,HH004746_A4,both
HH004746,assets,HH004746_A5,both
HH004746,liabilities,HH004746_L1,both
HH004746,protection_policies,HH004746_PP1,both
HH004816,households,HH004816,both
HH004816,people,HH004816_P1,both
HH004816,people,HH004816_P2,both
HH004816,income_lines,HH004816_I1,both
HH004816,income_lines,inc_2,ex_only
HH004816,assets,HH004816_A1,both
HH004816,assets,HH004816_A2,both
HH004816,assets,HH004816_A3,both
HH004816,assets,HH004816_A4,both
HH004816,assets,asset_4,ex_only
HH004816,liabilities,HH004816_L1,both
HH004816,protection_policies,HH004816_PP1,both
HH004847,households,HH004847,both
HH004847,people,HH004847_P1,both
HH004847,income_lines,HH004847_I1,both
HH004847,income_lines,HH004847_I2,both
HH004847,income_lines,HH004847_I3,both
HH004847,income_lines,HH004847_I4,both
HH004847,assets,HH004847_A1,both
HH004847,assets,HH004847_A2,both
HH004847,assets,HH004847_A3,both
HH004847,assets,HH004847_A4,both
HH004847,assets,HH004847_A5,both
HH004847,liabilities,HH004847_L1,both
HH004847,liabilities,HH004847_L2,both
HH004847,protection_policies,HH004847_PP1,both
HH004855,households,HH004855,both
HH004855,people,HH004855_P1,both
HH004855,people,HH004855_P2,both
HH004855,income_lines,HH004855_I1,both
HH004855,income_lines,HH004855_I2,both
HH004855,income_lines,HH004855_I3,both
HH004855,assets,HH004855_A1,both
HH004855,assets,HH004855_A2,both
HH004855,assets,HH004855_A3,both
HH004855,assets,HH004855_A4,both
HH004855,assets,HH004855_A5,both
HH004855,liabilities,HH004855_L1,both
HH004860,households,HH004860,both
HH004860,people,HH004860_P1,both
HH004860,people,HH004860_P2,both
HH004860,income_lines,HH004860_I1,both
HH004860,income_lines,HH004860_I2,both
HH004860,income_lines,HH004860_I3,both
HH004860,assets,HH004860_A1,both
HH004860,assets,HH004860_A2,both
HH004860,assets,HH004860_A3,both
HH004860,assets,HH004860_A4,both
HH004860,assets,HH004860_A5,both
HH004860,liabilities,HH004860_L1,both
HH004860,protection_policies,HH004860_PP1,both
HH004900,households,HH004900,both
HH004900,people,HH004900_P1,both
HH004900,income_lines,HH004900_I1,both
HH004900,income_lines,HH004900_I2,both
HH004900,income_lines,HH004900_I3,both
HH004900,income_lines,HH004900_I4,both
HH004900,income_lines,HH004900_I5,both
HH004900,income_lines,HH004900_I6,both
HH004900,assets,HH004900_A1,both
HH004900,assets,HH004900_A2,both
HH004900,assets,HH004900_A3,both
HH004900,assets,HH004900_A4,both
HH004900,assets,HH004900_A5,both
HH004900,liabilities,HH004900_L1,both
HH004952,households,HH004952,both
HH004952,people,HH004952_P1,both
HH004952,people,HH004952_P2,both
HH004952,income_lines,HH004952_I1,both
HH004952,assets,HH004952_A1,both
HH004952,assets,HH004952_A2,both
HH004952,assets,HH004952_A3,both
HH004952,assets,HH004952_A4,both
HH004952,assets,HH004952_A5,both
HH004952,protection_policies,HH004952_PP1,both
HH004957,households,HH004957,both
HH004957,people,HH004957_P1,both
HH004957,people,HH004957_P2,both
HH004957,income_lines,HH004957_I1,both
HH004957,income_lines,HH004957_I1,ex_only
HH004957,income_lines,HH004957_I2,both
HH004957,income_lines,HH004957_I2,ex_only
HH004957,income_lines,HH004957_I3,both
HH004957,assets,HH004957_A1,both
HH004957,assets,HH004957_A2,both
HH004957,assets,HH004957_A3,both
HH004957,assets,HH004957_A4,both
HH004957,assets,HH004957_A5,both
HH004957,liabilities,HH004957_L1,both
HH004974,households,HH004974,both
HH004974,people,HH004974_P1,both
HH004974,people,HH004974_P2,both
HH004974,income_lines,HH004974_I1,both
HH004974,income_lines,inc_1,ex_only
HH004974,income_lines,inc_2,ex_only
HH004974,assets,HH004974_A1,both
HH004974,assets,HH004974_A2,both
HH004974,assets,HH004974_A3,both
HH004974,assets,HH004974_A4,both
HH004974,assets,HH004974_A5,both
HH004974,liabilities,HH004974_L1,both
HH004974,liabilities,HH004974_L2,both
